frame,time_s,fluid_particles,downstream_fluid_particles,fluid_xmax_m,max_speed_mps,downstream_max_speed_mps,downstream_mean_speed_mps
0,0.0,5785,0,500.0,0.0,0.0,0.0
1,0.2,5785,0,500.4175109863281,5.953634283458103,0.0,0.0
2,0.4,5785,0,501.9872741699219,12.564580855044957,0.0,0.0
3,0.6000000000000001,5785,0,505.29534912109375,21.775802279295405,0.0,0.0
4,0.8,5785,2,510.1560363769531,29.589105329545628,28.60407407331251,28.31030625739377
5,1.0,5785,6,516.090087890625,33.11067830253523,33.11067830253523,32.09328402258475
6,1.2000000000000002,5785,16,522.2322998046875,36.53179251709927,36.53179251709927,27.792233034711316
7,1.4000000000000001,5785,20,528.2318115234375,37.16252554043312,37.16252554043312,28.09264540963634
8,1.6,5785,25,534.326904296875,39.217093889774404,39.217093889774404,27.755683704484554
9,1.8,5785,38,540.5823974609375,38.78682752889259,38.78682752889259,28.138276244924107
10,2.0,5785,44,546.73486328125,44.1101754555201,44.1101754555201,29.094103109562038
11,2.2,5785,50,553.3370971679688,46.749734846288774,46.749734846288774,29.741692297812197
12,2.4000000000000004,5785,57,560.44921875,43.34229466295949,43.34229466295949,28.530340169438112
13,2.6,5785,64,565.4055786132812,48.97052869405359,43.099043871971226,26.95704619766805
14,2.8000000000000003,5785,75,570.8933715820312,50.897757098894374,50.897757098894374,27.279569605913608
15,3.0,5785,79,577.418212890625,48.714239144034295,48.714239144034295,26.81014716001395
16,3.2,5785,89,583.7022705078125,48.041140551476545,48.041140551476545,27.269341016229603
17,3.4000000000000004,5785,96,588.3229370117188,48.044658426168624,48.044658426168624,27.309635956455732
18,3.6,5785,103,593.26318359375,52.17012716584164,52.17012716584164,27.73986114599035
19,3.8000000000000003,5785,111,598.35693359375,46.36342532712327,46.36342532712327,27.263866109980324
20,4.0,5785,116,604.108642578125,44.469540146451074,44.469540146451074,27.58452744346294
21,4.2,5785,121,610.1173095703125,46.78988470479725,46.78988470479725,27.744372030311272
22,4.4,5785,130,615.9291381835938,42.223958683783565,42.223958683783565,27.572544991563756
23,4.6000000000000005,5785,139,620.5208740234375,46.0860770582145,46.0860770582145,27.395629849310446
24,4.800000000000001,5785,143,625.4971923828125,50.419894264225576,50.419894264225576,27.258764332771616
25,5.0,5785,148,631.0185546875,48.7077459936737,48.7077459936737,27.004154374474492
