frame,time_s,particles,max_speed_mps,mean_speed_mps
0,0.0,5733,0.0,0.0
1,0.2,5733,2.505224894466809,1.023155477647329
2,0.4,5733,2.4090375197302194,0.8149941082599848
3,0.6000000000000001,5733,1.7732550131917433,0.4711818458685893
4,0.8,5733,2.635023392521198,1.0055382059295748
5,1.0,5733,1.8300548034941528,0.6298259852485333
6,1.2000000000000002,5733,2.0276576513265328,0.608136270215008
7,1.4000000000000001,5733,2.642552762998278,0.9193435720586609
8,1.6,5733,1.3107314595323447,0.4226740712686612
9,1.8,5733,2.219730200393751,0.6941616561024506
10,2.0,5733,2.421899898848639,0.7671581684164882
11,2.2,5733,1.5267330337071838,0.3888564302782747
12,2.4000000000000004,5733,1.855486461465242,0.7736839970979412
13,2.6,5733,1.6970090894763619,0.69938946222778
14,2.8000000000000003,5733,1.6304262596304526,0.3907804224434435
15,3.0,5733,2.686401534577309,0.7327428776003256
16,3.2,5733,2.243612290968104,0.5303551532568781
17,3.4000000000000004,5733,1.4197488857254157,0.5570257632096554
18,3.6,5733,1.8858349076036758,0.7730949048986759
19,3.8000000000000003,5733,1.3270801897636701,0.5126767874551682
20,4.0,5733,2.2199529990579228,0.49990373788732334
21,4.2,5733,2.5899582674721042,0.6292401076578286
22,4.4,5733,1.7074219936575654,0.435839245446973
23,4.6000000000000005,5733,1.500159351589237,0.6680070227190752
24,4.800000000000001,5733,1.617275076682785,0.6597036472109392
25,5.0,5733,1.8980102849356462,0.43355302897561177
