Part;TimeStep [s];Steps;DTsMin;PartRuntime [s];NpSave;NpSim;NpNew;NpOut;NctSim;NpAlloc [X];NctAlloc [X];SimRuntime [s];NpbSim;NpfSim;NpNormal;NpOutPos;NpOutRho;NpOutMov;DtMin [s];DtMax [s];MemCPU [MiB];MemGPU [MiB];MemGPU_Cells [MiB];NpAlloc;NctAlloc
0;0;0;0;0.000000;17,907;17,907;0;0;192;1.007148;8.156250;0.000000;12,122;5,785;17,907;0;0;0;0;0;1.591902;2.585812;0.023933;18,035;1,566
1;0.2039204265685183;44;0;0.036157;17,907;17,907;0;0;192;1.007148;8.156250;0.036157;12,122;5,785;17,907;0;0;0;0.004723816876820022;0.004762138581464884;1.591902;2.792206;0.023933;18,035;1,566
2;0.401654873507438;42;0;0.035014;17,907;17,907;0;0;192;1.007148;8.156250;0.072831;12,122;5,785;17,907;0;0;0;0.004684226524772197;0.0047275119987966;1.591902;2.792206;0.023933;18,035;1,566
3;0.6019011236923213;43;0;0.034860;17,907;17,907;0;0;192;1.007148;8.156250;0.109329;12,122;5,785;17,907;0;0;0;0.00463061770007286;0.004683157763302965;1.591902;2.792206;0.023933;18,035;1,566
4;0.8004573346849203;43;0;0.036610;17,907;17,907;0;0;192;1.007148;8.156250;0.147550;12,122;5,785;17,907;0;0;0;0.004609410030914435;0.00462959469546693;1.591902;2.792206;0.023933;18,035;1,566
5;1.003148012132346;44;0;0.037182;17,907;17,907;0;0;192;1.007148;8.156250;0.186250;12,122;5,785;17,907;0;0;0;0.004598910020140299;0.004612751161745176;1.591902;2.792206;0.023933;18,035;1,566
6;1.203272172338997;44;0;0.035374;17,907;17,907;0;0;204;1.007148;7.676471;0.223250;12,122;5,785;17,907;0;0;0;0.004372067668494347;0.004609233868788925;1.591902;2.792206;0.023933;18,035;1,566
7;1.40069592150042;45;0;0.035911;17,907;17,907;0;0;204;1.007148;7.676471;0.260675;12,122;5,785;17,907;0;0;0;0.004327441668801917;0.00444976301323642;1.591902;2.792206;0.023933;18,035;1,566
8;1.601212751036918;46;0;0.038127;17,907;17,907;0;0;204;1.007148;7.676471;0.300344;12,122;5,785;17,907;0;0;0;0.004314310991906249;0.004418001403773365;1.591902;2.792206;0.023933;18,035;1,566
9;1.802464960022598;47;0;0.037703;17,907;17,907;0;0;204;1.007148;7.676471;0.339827;12,122;5,785;17,907;0;0;0;0.004162848051476165;0.004421165786541267;1.591902;2.792206;0.023933;18,035;1,566
10;2.000469709211887;46;0;0.038513;17,907;17,907;0;0;204;1.007148;7.676471;0.379795;12,122;5,785;17,907;0;0;0;0.0041637356730794;0.004413234650972146;1.591902;2.792206;0.023933;18,035;1,566
11;2.204073950524282;47;0;0.037983;17,907;17,907;0;0;204;1.007148;7.676471;0.419582;12,122;5,785;17,907;0;0;0;0.00429133673317864;0.004451158630452366;1.591902;2.792206;0.023933;18,035;1,566
12;2.401393236166411;45;0;0.036321;17,907;17,907;0;0;216;1.007148;7.250000;0.457563;12,122;5,785;17,907;0;0;0;0.004218535509271477;0.004525325750975803;1.591902;2.792206;0.023933;18,035;1,566
13;2.600724386709935;51;0;0.042284;17,907;17,907;0;0;216;1.007148;7.250000;0.501364;12,122;5,785;17,907;0;0;0;0.003553679578290265;0.004207497269111845;1.591902;2.792206;0.023933;18,035;1,566
14;2.800712983439092;49;0;0.040935;17,907;17,907;0;0;216;1.007148;7.250000;0.544003;12,122;5,785;17,907;0;0;0;0.003726832053307431;0.004251831868538699;1.591902;2.792206;0.023933;18,035;1,566
15;3.003788224482011;48;0;0.039909;17,907;17,907;0;0;216;1.007148;7.250000;0.585604;12,122;5,785;17,907;0;0;0;0.004175489400097296;0.004333157730782643;1.591902;2.792206;0.023933;18,035;1,566
16;3.203520251526899;49;0;0.037993;17,907;17,907;0;0;216;1.007148;7.250000;0.625071;12,122;5,785;17,907;0;0;0;0.003889862391960766;0.004366118591541081;1.591902;2.792206;0.023933;18,035;1,566
17;3.400265834330051;48;0;0.037213;17,907;17,907;0;0;228;1.007148;6.868421;0.663758;12,122;5,785;17,907;0;0;0;0.003968043940957545;0.004225038949513346;1.591902;2.792206;0.023933;18,035;1,566
18;3.600969660234752;48;0;0.036220;17,907;17,907;0;0;228;1.007148;6.868421;0.701625;12,122;5,785;17,907;0;0;0;0.00399422156765972;0.004322894805312468;1.591902;2.792206;0.023933;18,035;1,566
19;3.802966050469323;50;0;0.036093;17,907;17,907;0;0;228;1.007148;6.868421;0.739287;12,122;5,785;17,907;0;0;0;0.003748624175896843;0.004191982300790932;1.591902;2.792206;0.023933;18,035;1,566
20;4.001522505441969;47;0;0.032810;17,907;17,907;0;0;228;1.007148;6.868421;0.773508;12,122;5,785;17,907;0;0;0;0.004148823547456085;0.004290562456361619;1.591902;2.792206;0.023933;18,035;1,566
21;4.202434706750783;47;0;0.033870;17,907;17,907;0;0;228;1.007148;6.868421;0.809056;12,122;5,785;17,907;0;0;0;0.004038590984287909;0.004354105629543651;1.591902;2.792206;0.023933;18,035;1,566
22;4.402772056746408;48;0;0.036678;17,907;17,907;0;0;228;1.007148;6.868421;0.847372;12,122;5,785;17,907;0;0;0;0.00406635613354165;0.004303438897147418;1.591902;2.792206;0.023933;18,035;1,566
23;4.60384328075435;49;0;0.035263;17,907;17,907;0;0;228;1.007148;6.868421;0.884193;12,122;5,785;17,907;0;0;0;0.00399318001035654;0.004226433078851433;1.591902;2.792206;0.023933;18,035;1,566
24;4.801642942501967;49;0;0.037414;17,907;17,907;0;0;240;1.007148;6.525000;0.923030;12,122;5,785;17,907;0;0;0;0.003915961480450754;0.004201296331766184;1.591902;2.792206;0.023933;18,035;1,566
25;5.003163014945353;50;0;0.038556;17,907;17,907;0;0;240;1.007148;6.525000;0.963415;12,122;5,785;17,907;0;0;0;0.003819139769075188;0.004277003006136335;1.591902;2.792206;0.023933;18,035;1,566

# Part:  Number of output file with particles data.
# TimeStep [s]:  Physical time of simulation.
# Steps:  Number of calculation steps since the previous PART.
# DTsMin:  Number of times the Dt is updated with the minimum allowed value (can be 2 times per step when Symplectic is used).
# PartRuntime [s]:  Runtime of last PART simulation.
# NpSave:  Number of selected particles to save.
# NpSim:  Number of particles used in simulation (normal + periodic particles).
# NpNew:  Number of new fluid particles created by inlet conditions since the previous PART.
# NpOut:  Number of excluded fluid particles since the previous PART.
# NctSim:  Number of cells used in simulation for particle search.
# NpAlloc [X]:  Over-allocation memory for particles NpAlloc/NpSim.
# NctAlloc [X]:  Over-allocation memory for cells NctAlloc/NctSim.
# SimRuntime [s]:  Total runtime of simulation (initialisation tasks not included).
# NpbSim:  Number of fixed and moving particles (includes periodic particles).
# NpfSim:  Number of fluid and floating particles (includes periodic particles).
# NpNormal:  Total number of particles without periodic particles.
# NpOutPos:  Number of excluded particles due to invalid position.
# NpOutRho:  Number of excluded particles due to invalid density.
# NpOutMov:  Number of excluded particles due to invalid movement.
# DtMin [s]:  Minimum value of Dt since the previous PART.
# DtMax [s]:  Maximum value of Dt since the previous PART.
# MemCPU [MiB]:  Current CPU memory allocated (only includes the most memory intensive objects).
# MemGPU [MiB]:  Current GPU memory allocated (only includes the most memory intensive objects).
# MemGPU_Cells [MiB]:  Current GPU memory allocated for cells according to NctAlloc.
# NpAlloc:  Number of supported particles with memory allocated.
# NctAlloc:  Number of supported cells with memory allocated.
